{
  "accuracy": 0.9444444444444444,
  "f1_macro": 0.9448056558920689,
  "f1_weighted": 0.9448056558920688,
  "auc_mean": 0.9933333333333333,
  "per_class": {
    "NILM": {
      "precision": 1.0,
      "recall": 0.9666666666666667,
      "f1": 0.9830508474576272,
      "support": 30,
      "auc": 0.9988888888888889
    },
    "LSIL": {
      "precision": 0.9032258064516129,
      "recall": 0.9333333333333333,
      "f1": 0.9180327868852459,
      "support": 30,
      "auc": 0.9872222222222222
    },
    "HSIL": {
      "precision": 0.9333333333333333,
      "recall": 0.9333333333333333,
      "f1": 0.9333333333333333,
      "support": 30,
      "auc": 0.9938888888888889
    }
  },
  "confusion_matrix": [
    [
      29,
      1,
      0
    ],
    [
      0,
      28,
      2
    ],
    [
      0,
      2,
      28
    ]
  ]
}