{
  "accuracy": 0.7888888888888889,
  "f1_macro": 0.7885165774606007,
  "f1_weighted": 0.7885165774606007,
  "auc_mean": 0.9094444444444444,
  "per_class": {
    "NILM": {
      "precision": 0.7352941176470589,
      "recall": 0.8333333333333334,
      "f1": 0.78125,
      "support": 30,
      "auc": 0.8944444444444444
    },
    "LSIL": {
      "precision": 0.7777777777777778,
      "recall": 0.7,
      "f1": 0.7368421052631579,
      "support": 30,
      "auc": 0.8744444444444445
    },
    "HSIL": {
      "precision": 0.8620689655172413,
      "recall": 0.8333333333333334,
      "f1": 0.847457627118644,
      "support": 30,
      "auc": 0.9594444444444444
    }
  },
  "confusion_matrix": [
    [
      25,
      4,
      1
    ],
    [
      6,
      21,
      3
    ],
    [
      3,
      2,
      25
    ]
  ]
}