{
  "accuracy": 0.9,
  "f1_macro": 0.9003488623383037,
  "f1_weighted": 0.9003488623383038,
  "auc_mean": 0.9862962962962962,
  "per_class": {
    "NILM": {
      "precision": 0.9310344827586207,
      "recall": 0.9,
      "f1": 0.9152542372881356,
      "support": 30,
      "auc": 0.9927777777777778
    },
    "LSIL": {
      "precision": 0.8387096774193549,
      "recall": 0.8666666666666667,
      "f1": 0.8524590163934426,
      "support": 30,
      "auc": 0.9733333333333334
    },
    "HSIL": {
      "precision": 0.9333333333333333,
      "recall": 0.9333333333333333,
      "f1": 0.9333333333333333,
      "support": 30,
      "auc": 0.9927777777777778
    }
  },
  "confusion_matrix": [
    [
      27,
      3,
      0
    ],
    [
      2,
      26,
      2
    ],
    [
      0,
      2,
      28
    ]
  ]
}