{
  "accuracy": 0.8666666666666667,
  "f1_macro": 0.8642241379310344,
  "f1_weighted": 0.8642241379310346,
  "auc_mean": 0.9668518518518519,
  "per_class": {
    "NILM": {
      "precision": 0.8928571428571429,
      "recall": 0.8333333333333334,
      "f1": 0.8620689655172413,
      "support": 30,
      "auc": 0.9744444444444446
    },
    "LSIL": {
      "precision": 0.8214285714285714,
      "recall": 0.7666666666666667,
      "f1": 0.7931034482758621,
      "support": 30,
      "auc": 0.9338888888888889
    },
    "HSIL": {
      "precision": 0.8823529411764706,
      "recall": 1.0,
      "f1": 0.9375,
      "support": 30,
      "auc": 0.9922222222222222
    }
  },
  "confusion_matrix": [
    [
      25,
      5,
      0
    ],
    [
      3,
      23,
      4
    ],
    [
      0,
      0,
      30
    ]
  ]
}