{
  "accuracy": 0.9111111111111111,
  "f1_macro": 0.9118310347818545,
  "f1_weighted": 0.9118310347818543,
  "auc_mean": 0.9894444444444445,
  "per_class": {
    "NILM": {
      "precision": 1.0,
      "recall": 0.8666666666666667,
      "f1": 0.9285714285714286,
      "support": 30,
      "auc": 0.9977777777777778
    },
    "LSIL": {
      "precision": 0.8484848484848485,
      "recall": 0.9333333333333333,
      "f1": 0.8888888888888888,
      "support": 30,
      "auc": 0.9794444444444445
    },
    "HSIL": {
      "precision": 0.9032258064516129,
      "recall": 0.9333333333333333,
      "f1": 0.9180327868852459,
      "support": 30,
      "auc": 0.991111111111111
    }
  },
  "confusion_matrix": [
    [
      26,
      3,
      1
    ],
    [
      0,
      28,
      2
    ],
    [
      0,
      2,
      28
    ]
  ]
}